question,type,num_nodes,exact_match,f1,count_correct,score_note,answer_type_pred,answer_type_true,finish_called,terminated_early,stop_reason,llm_calls,step_count,input_tokens,output_tokens,total_tokens,cost_usd,elapsed_s,predicted_entities,tool_sequence,agent_answer
What are the postal codes for where the friends of the person with NHS number 664-34-9245 live?,attribute_set,3,False,0.9231,,tp=6 pred=7 true=6,attribute,attribute_set,True,False,finished,8,8,43639,1502,45141,0.099294,24.3,"[""OL11 2TL"", ""M9 4GZ"", ""WN6 7PF"", ""M11 3SU"", ""SK8 2HR"", ""SK16 5AP"", ""BL6 6RL""]","[""find_nodes"", ""explore"", ""explore"", ""explore"", ""explore"", ""explore"", ""explore"", ""finish""]","The postal codes for the addresses of Antonio Washington's friends are: OL11 2TL, M9 4GZ, WN6 7PF, M11 3SU, SK8 2HR, SK16 5AP, BL6 6RL."
Can you provide the homes of Wheelers family related with individuals whose phone numbers are known by those involved in the 19/08/2017 crimes?,entity_set,5,False,0.0,,tp=0 pred=0 true=1,unknown,entity_set,False,True,token_cap,8,8,75132,1956,77088,0.165912,25.1,[],"[""find_nodes"", ""explore"", ""explore"", ""explore"", ""explore"", ""explore"", ""explore"", ""explore""]",
When did crimes involving a Morales family member take place?,attribute_set,3,False,0.7143,,tp=5 pred=9 true=5,attribute,attribute_set,True,False,finished,10,10,55311,2267,57578,0.128758,28.6,"[""02/08/2017"", ""05/08/2017"", ""11/08/2017"", ""16/08/2017"", ""17/08/2017"", ""19/08/2017"", ""24/08/2017"", ""25/08/2017"", ""27/08/2017""]","[""find_nodes"", ""explore"", ""explore"", ""explore"", ""explore"", ""explore"", ""explore"", ""explore"", ""node_feature"", ""finish""]","02/08/2017, 05/08/2017, 11/08/2017, 16/08/2017, 17/08/2017, 19/08/2017, 24/08/2017, 25/08/2017, 27/08/2017"
What is the number of phones owned by people named Richard?,count,2,True,1.0,True,count only: true=4 pred=4,count,count,True,False,finished,3,3,10321,302,10623,0.023058,6.4,"[""4""]","[""find_nodes"", ""explore"", ""finish""]",4
When was the earliest crime involving an Expedition model in the BL9 zone?,argmin,4,False,0.0,,tp=0 pred=0 true=1,unknown,argmin,False,True,token_cap,13,13,77505,2385,79890,0.17409,33.8,[],"[""find_nodes"", ""find_nodes"", ""explore"", ""explore"", ""explore"", ""explore"", ""explore"", ""explore"", ""explore"", ""explore"", ""explore"", ""explore"", ""explore""]",
What emails do people who are friends with a Brown have?,entity_set,3,False,0.4444,,tp=2 pred=7 true=2,attribute,entity_set,True,False,finished,6,6,29794,1091,30885,0.068316,19.2,"[""cknight2k@jiathis.com"", ""arice8u@amazon.co.jp"", ""tfoster95@mayoclinic.com"", ""kallenca@alexa.com"", ""jfloresba@istockphoto.com"", ""jmurphy7m@tinypic.com"", ""aalexander9b@bbc.co.uk""]","[""find_nodes"", ""explore"", ""explore"", ""explore"", ""explore"", ""finish""]","cknight2k@jiathis.com, arice8u@amazon.co.jp, tfoster95@mayoclinic.com, kallenca@alexa.com, jfloresba@istockphoto.com, jmurphy7m@tinypic.com, aalexander9b@bbc.co.uk"
What crimes happened last at 94 Ashworth Street?,max,2,False,0.0,,tp=0 pred=1 true=1,entity_set,max,True,False,finished,9,9,34587,1089,35676,0.077886,15.3,"[""Criminal damage and arson""]","[""find_nodes"", ""explore"", ""explore"", ""explore"", ""filter_by_constraint"", ""filter_by_constraint"", ""node_feature"", ""filter_by_constraint"", ""finish""]",Criminal damage and arson
Can you show all calls to phones that got a call at 00:52 and dialed out at 20:21?,entity_set,4,True,1.0,,tp=2 pred=2 true=2,entity_set,entity_set,True,False,finished,10,10,45129,1380,46509,0.101298,18.4,"[""SMS at 30/08/2017 00:52 (duration 24s) to 9-(421)187-9169"", ""CALL at 05/08/2017 20:21 (duration 32s) from 0-(856)456-7561""]","[""find_nodes"", ""find_nodes"", ""explore"", ""explore"", ""explore"", ""set_ops"", ""explore"", ""explore"", ""explore"", ""finish""]","The calls are: 1) SMS at 30/08/2017 00:52 (duration 24s) to 9-(421)187-9169, and 2) CALL at 05/08/2017 20:21 (duration 32s) from 0-(856)456-7561."
Which is the latest crime in the M2 area handled by officers with the surname Janata?,max,4,False,0.0,,tp=0 pred=0 true=1,unknown,max,False,True,token_cap,16,16,78046,2603,80649,0.176916,42.1,[],"[""find_nodes"", ""find_nodes"", ""explore"", ""explore"", ""explore"", ""explore"", ""count_nodes"", ""explore"", ""find_nodes"", ""find_nodes"", ""explore"", ""explore"", ""filter_by_constraint"", ""filter_by_constraint"", ""node_feature"", ""explore""]",
What is the brand of the newest car used in unsolved residential crimes?,argmax,4,False,0.0,,tp=0 pred=0 true=1,unknown,argmax,False,True,token_cap,14,14,74723,293,75016,0.15179,29.7,[],"[""find_nodes"", ""find_nodes"", ""find_nodes"", ""find_nodes"", ""find_nodes"", ""find_nodes"", ""find_nodes"", ""find_nodes"", ""find_nodes"", ""find_nodes"", ""find_nodes"", ""find_nodes"", ""find_nodes"", ""find_nodes""]",
What's the count of phones linked to individuals acquainted with crime participants from 1/08/2017?,count,4,False,0.0,False,count only: true=3 pred=None,unknown,count,False,True,token_cap,14,14,75306,1427,76733,0.162028,33.6,[],"[""find_nodes"", ""find_nodes"", ""find_nodes"", ""find_nodes"", ""find_nodes"", ""find_nodes"", ""find_nodes"", ""find_nodes"", ""find_nodes"", ""explore"", ""explore"", ""explore"", ""explore"", ""explore""]",
When did the first crime happen at 197 Mason Street with friends of people known by someone named Richard?,argmin,5,False,0.0,,tp=0 pred=0 true=1,unknown,argmin,False,True,token_cap,11,11,78266,2089,80355,0.173244,36.3,[],"[""find_nodes"", ""explore"", ""explore"", ""explore"", ""explore"", ""find_nodes"", ""explore"", ""explore"", ""explore"", ""explore"", ""explore""]",
On what day there was a call at 14:48 to someone who knows the person with NHS number 814-78-4935?,attribute_set,4,False,0.0,,tp=0 pred=0 true=1,unknown,attribute_set,False,True,token_cap,16,16,74236,1580,75816,0.161112,38.9,[],"[""find_nodes"", ""explore"", ""explore"", ""explore"", ""explore"", ""explore"", ""explore"", ""explore"", ""filter_by_constraint"", ""explore"", ""explore"", ""explore"", ""explore"", ""set_ops"", ""explore"", ""explore""]",
How many individuals share a home with a friend of a person who knows the phone number of the individual with NHS number 438-07-5350?,count,4,False,0.0,False,count only: true=2 pred=None,unknown,count,False,True,token_cap,12,12,76515,2500,79015,0.17303,43.1,[],"[""find_nodes"", ""explore"", ""explore"", ""explore"", ""explore"", ""explore"", ""explore"", ""explore"", ""explore"", ""explore"", ""explore"", ""explore""]",
Who are the individuals with the phone number 7-(469)440-8216?,entity_set,2,True,1.0,,tp=1 pred=1 true=1,entity_set,entity_set,True,False,finished,4,4,12324,187,12511,0.026144,5.6,"[""Gary""]","[""find_nodes"", ""explore"", ""explore"", ""finish""]",Gary
"Can you provide the crime dates linked to people known by friends of someone with last name Elliott, with investigations finished and no suspect identified?",attribute_set,4,False,0.0,,tp=0 pred=0 true=1,unknown,attribute_set,False,True,token_cap,10,10,77549,3073,80622,0.179682,47.4,[],"[""find_nodes"", ""explore"", ""explore"", ""explore"", ""explore"", ""set_ops"", ""explore"", ""explore"", ""explore"", ""explore""]",
What's the latest crime date at a Watson residence also tied to a 6/08/2017 crime?,argmax,4,False,0.0,,tp=0 pred=0 true=1,unknown,argmax,False,True,token_cap,16,16,74573,2181,76754,0.166594,43.2,[],"[""find_nodes"", ""find_nodes"", ""explore"", ""explore"", ""explore"", ""explore"", ""node_feature"", ""find_nodes"", ""find_nodes"", ""explore"", ""explore"", ""find_nodes"", ""find_nodes"", ""explore"", ""explore"", ""find_nodes""]",
How many public order crimes are investigated by officers with badge number 05-3036001?,count,2,True,1.0,True,count only: true=5 pred=5,count,count,True,False,finished,5,5,21914,432,22346,0.047284,11.6,"[""5""]","[""find_nodes"", ""explore"", ""explore"", ""filter_by_constraint"", ""finish""]",5
How many calls were placed to any phone on 12/08/2017?,count,2,True,1.0,True,count only: true=9 pred=9,count,count,True,False,finished,3,3,10489,561,11050,0.025466,5.4,"[""9""]","[""find_nodes"", ""count_nodes"", ""finish""]",9 calls were placed on 12/08/2017
How many emails are linked to the owner of phone number 1-(865)002-1592?,count,3,True,1.0,True,count only: true=1 pred=1,count,count,True,False,finished,4,4,12314,264,12578,0.02674,4.2,"[""1""]","[""find_nodes"", ""explore"", ""explore"", ""finish""]",1
Which crimes on 22/08/2017 included vehicles of the Fit model?,entity_set,2,False,0.0,,tp=0 pred=0 true=1,unknown,entity_set,False,True,token_cap,7,7,75091,881,75972,0.15723,19.7,[],"[""find_nodes"", ""explore"", ""explore"", ""explore"", ""node_feature"", ""explore"", ""explore""]",
What date marks the initial crime at the Petrol Station?,argmin,2,False,0.0,,tp=0 pred=1 true=1,attribute,argmin,True,False,finished,6,6,53533,1857,55390,0.121922,33.9,"[""15/08/2017""]","[""find_nodes"", ""explore"", ""explore"", ""explore"", ""filter_by_constraint"", ""finish""]",15/08/2017
How many cases of 'Other theft' are handled by officers with the surname Iddison?,count,2,True,1.0,True,count only: true=2 pred=2,count,count,True,False,finished,6,6,24872,436,25308,0.053232,10.4,"[""2""]","[""find_nodes"", ""explore"", ""explore"", ""explore"", ""count_nodes"", ""finish""]",2
When did someone with surname Edwards receive a call on 08/08/2017?,attribute_set,3,True,1.0,,tp=1 pred=1 true=1,attribute,attribute_set,True,False,finished,8,8,35849,880,36729,0.078738,13.1,"[""17:32""]","[""find_nodes"", ""explore"", ""explore"", ""explore"", ""explore"", ""node_feature"", ""node_feature"", ""finish""]",17:32
In how many places do people with last name Murphy live?,count,2,True,1.0,True,count: true=2 pred=2 entity_f1=1.00,count,count,True,False,finished,3,3,9254,220,9474,0.020268,3.2,"[""84 Kersal Close"", ""161 Eldon Road"", ""2""]","[""find_nodes"", ""explore"", ""finish""]",2
What is the shortest call to a phone owned by a person residing with a Franklin's friend?,min,5,False,0.0,,tp=0 pred=0 true=1,unknown,min,False,True,token_cap,14,14,78666,2272,80938,0.175508,33.0,[],"[""find_nodes"", ""explore"", ""explore"", ""explore"", ""explore"", ""explore"", ""explore"", ""explore"", ""explore"", ""explore"", ""explore"", ""explore"", ""node_feature"", ""explore""]",
How many regions saw crimes involving XK Series vehicles?,count,4,False,0.0,False,count only: true=1 pred=5,count,count,True,False,finished,6,6,27603,1265,28868,0.065326,14.8,"[""5""]","[""find_nodes"", ""explore"", ""explore"", ""explore"", ""explore"", ""finish""]",5
"Could you list the emails for Jack, who was implicated in a crime on 27th August 2017?",entity_set,3,True,1.0,,tp=1 pred=1 true=1,attribute,entity_set,True,False,finished,5,5,19323,428,19751,0.04207,10.2,"[""jpowell72@npr.org""]","[""find_nodes"", ""explore"", ""explore"", ""explore"", ""finish""]",jpowell72@npr.org
Can you provide the residential addresses of those acquainted with anyone named Denise?,attribute_set,3,True,1.0,,tp=8 pred=8 true=8,entity_set,attribute_set,True,False,finished,8,8,42680,1641,44321,0.098488,18.6,"[""140 Mardale Avenue"", ""164 Wilton Grove"", ""142 Holly Street"", ""121 Lower St Stephen Street"", ""7 Valpy Avenue"", ""2 Farrer Road"", ""41 Elizabeth Court"", ""84 Kersal Close""]","[""find_nodes"", ""explore"", ""explore"", ""explore"", ""explore"", ""explore"", ""node_feature"", ""finish""]","The residential addresses of individuals acquainted with anyone named Denise are: 140 Mardale Avenue, 164 Wilton Grove, 142 Holly Street, 121 Lower St Stephen Street, 7 Valpy Avenue, 2 Farrer Road, 41 Elizabeth Court, and 84 Kersal Close."
How many emails are from someone with last name Phillips who knows the phone number of someone with last name Kelly?,count,4,False,0.0,False,count only: true=1 pred=2,count,count,True,False,finished,8,8,32963,620,33583,0.070886,10.7,"[""2""]","[""find_nodes"", ""find_nodes"", ""explore"", ""explore"", ""explore"", ""explore"", ""explore"", ""finish""]",2
"Can you provide the crime dates where the investigation is done, no suspect was found, and the incidents involve individuals known by friends of those with the last name Martinez?",attribute_set,4,False,0.0,,tp=0 pred=0 true=5,unknown,attribute_set,False,True,token_cap,15,15,80705,2799,83504,0.183802,39.3,[],"[""find_nodes"", ""explore"", ""explore"", ""explore"", ""explore"", ""explore"", ""explore"", ""explore"", ""explore"", ""explore"", ""explore"", ""explore"", ""set_ops"", ""explore"", ""explore""]",
"Which individuals, living with someone named Matthew, have NHS numbers and are under criminal investigation?",attribute_set,3,False,0.0,,tp=0 pred=0 true=1,unknown,attribute_set,False,True,token_cap,18,18,75987,1564,77551,0.164486,30.2,[],"[""find_nodes"", ""explore"", ""explore"", ""explore"", ""explore"", ""explore"", ""explore"", ""explore"", ""explore"", ""explore"", ""explore"", ""explore"", ""explore"", ""explore"", ""explore"", ""explore"", ""explore"", ""explore""]",
"How many emails are there for Jack, who has a family tie to a Ward?",count,3,False,0.0,False,count only: true=1 pred=None,unknown,count,False,True,token_cap,16,16,76859,1644,78503,0.16687,33.1,[],"[""find_nodes"", ""explore"", ""explore"", ""explore"", ""find_nodes"", ""set_ops"", ""set_ops"", ""set_ops"", ""set_ops"", ""explore"", ""explore"", ""explore"", ""explore"", ""explore"", ""explore"", ""explore""]",
What is the number of calls to a phone that had a 95-second outgoing call and an incoming call on 22/08/2017?,count,4,False,0.0,False,count only: true=6 pred=None,unknown,count,False,True,token_cap,11,11,75307,3702,79009,0.18023,30.0,[],"[""find_nodes"", ""find_nodes"", ""explore"", ""explore"", ""explore"", ""find_nodes"", ""explore"", ""explore"", ""set_ops"", ""set_ops"", ""explore""]",
Which emails belong to individuals familiar with anyone whose last name is Rice?,entity_set,3,True,1.0,,tp=14 pred=14 true=14,entity_set,entity_set,True,False,finished,7,7,50122,2644,52766,0.121396,21.1,"[""jfox7v@imdb.com"", ""saustin8t@admin.ch"", ""dmartin8d@imgur.com"", ""cbrown41@yellowbook.com"", ""ageorgeal@so-net.ne.jp"", ""hgarrett35@mac.com"", ""dmoreno5b@photobucket.com"", ""mpeters15@ted.com"", ""krobertson5p@sciencedirect.com"", ""jhuntci@acquirethisname.com"", ""staylor16@loc.gov"", ""gross34@i2i.jp"", ""jfuller6l@ameblo.jp"", ""ahicks5e@umn.edu""]","[""find_nodes"", ""explore"", ""explore"", ""explore"", ""explore"", ""node_feature"", ""finish""]","The emails belonging to individuals familiar with anyone whose last name is Rice are: jfox7v@imdb.com, saustin8t@admin.ch, dmartin8d@imgur.com, cbrown41@yellowbook.com, ageorgeal@so-net.ne.jp, hgarrett35@mac.com, dmoreno5b@photobucket.com, mpeters15@ted.com, krobertson5p@sciencedirect.com, jhuntci@acquirethisname.com, staylor16@loc.gov, gross34@i2i.jp, jfuller6l@ameblo.jp, ahicks5e@umn.edu."
"What is the model of the oldest car in a crime case involving a person, handled by Officer O'Sheerin?",argmin,4,False,0.0,,tp=0 pred=0 true=1,unknown,argmin,False,True,token_cap,12,12,73317,3259,76576,0.172706,30.4,[],"[""find_nodes"", ""find_nodes"", ""explore"", ""explore"", ""explore"", ""explore"", ""explore"", ""explore"", ""explore"", ""find_nodes"", ""find_nodes"", ""explore""]",
Which was the first call made to a person related to Gloria?,min,4,False,0.0,,tp=0 pred=0 true=1,unknown,min,False,True,token_cap,11,11,73626,3172,76798,0.172628,38.2,[],"[""find_nodes"", ""explore"", ""explore"", ""explore"", ""explore"", ""explore"", ""explore"", ""explore"", ""explore"", ""node_feature"", ""filter_by_constraint""]",
"Can you provide the processing statuses for drug crimes involving individuals, handled by officers with the surname Darbon?",attribute_set,3,True,1.0,,tp=1 pred=1 true=1,attribute,attribute_set,True,False,finished,8,8,42971,994,43965,0.093894,15.7,"[""Offender given a caution""]","[""find_nodes"", ""explore"", ""explore"", ""filter_by_constraint"", ""explore"", ""explore"", ""node_feature"", ""finish""]","The processing status for the drug crime involving an individual, handled by officer Darbon, is 'Offender given a caution'."
"What are the NHS numbers of people who are friends with the person with NHS number 804-54-6976, and that their phone numbers are known by someone?",attribute_set,3,False,0.8333,,tp=5 pred=7 true=5,attribute,attribute_set,True,False,finished,8,8,43100,1590,44690,0.09892,15.8,"[""890-58-5813"", ""455-19-0708"", ""205-52-5697"", ""397-28-4474"", ""785-79-1645"", ""699-85-1673"", ""220-62-1837""]","[""find_nodes"", ""explore"", ""explore"", ""explore"", ""explore"", ""explore"", ""node_feature"", ""finish""]","890-58-5813, 455-19-0708, 205-52-5697, 397-28-4474, 785-79-1645, 699-85-1673, 220-62-1837"
How many districts have sites with the postcode M30 8NS?,count,2,True,1.0,True,count only: true=1 pred=1,count,count,True,False,finished,7,7,23495,495,23990,0.05095,11.1,"[""1""]","[""find_nodes"", ""explore"", ""explore"", ""explore"", ""explore"", ""explore"", ""finish""]",1
How many MINI automobiles are part of a vehicle crime inquiry led by Officer Rings?,count,3,False,0.0,False,count only: true=1 pred=None,unknown,count,False,True,token_cap,14,14,77255,1330,78585,0.16515,29.7,[],"[""find_nodes"", ""explore"", ""explore"", ""explore"", ""explore"", ""explore"", ""explore"", ""explore"", ""explore"", ""explore"", ""node_feature"", ""explore"", ""explore"", ""explore""]",
When is the first crime to occur involving a roommate of someone with last name Williamson?,min,3,False,0.0,,tp=0 pred=0 true=1,unknown,min,False,True,token_cap,9,9,85535,4146,89681,0.204238,54.6,[],"[""find_nodes"", ""explore"", ""explore"", ""explore"", ""explore"", ""explore"", ""explore"", ""filter_by_constraint"", ""finish""]",
"At which addresses do the friends of a Jackson, who lives with Andrew, reside?",attribute_set,4,False,0.0,,tp=0 pred=1 true=1,attribute,attribute_set,True,False,finished,7,7,35528,893,36421,0.0782,11.7,"[""148 Tig Fold Road""]","[""find_nodes"", ""explore"", ""explore"", ""explore"", ""explore"", ""explore"", ""finish""]",148 Tig Fold Road
What is the longest call for a phone that had a 26-second outgoing call and an incoming call at 13:45?,max,4,False,0.0,,tp=0 pred=0 true=1,unknown,max,False,True,token_cap,16,16,78006,850,78856,0.162812,22.4,[],"[""find_nodes"", ""find_nodes"", ""find_nodes"", ""explore"", ""explore"", ""explore"", ""explore"", ""explore"", ""find_nodes"", ""find_nodes"", ""find_nodes"", ""find_nodes"", ""explore"", ""explore"", ""explore"", ""explore""]",
In which area did crimes happen on 25/08/2017 that Officer Klehyn is investigating?,entity_set,4,True,1.0,,tp=2 pred=2 true=2,entity_set,entity_set,True,False,finished,11,11,57625,903,58528,0.122474,14.5,"[""WN2"", ""M43""]","[""find_nodes"", ""find_nodes"", ""explore"", ""explore"", ""explore"", ""filter_by_constraint"", ""explore"", ""explore"", ""explore"", ""explore"", ""finish""]",The crimes investigated by Officer Klehyn on 25/08/2017 occurred in areas WN2 and M43.
What is the date of the first recorded crime involving relatives of a person with the surname Moreno?,argmin,3,False,0.0,,tp=0 pred=0 true=1,unknown,argmin,False,True,token_cap,15,15,73766,1951,75717,0.16314,26.0,[],"[""find_nodes"", ""explore"", ""explore"", ""explore"", ""explore"", ""explore"", ""explore"", ""node_feature"", ""filter_by_constraint"", ""explore"", ""explore"", ""explore"", ""explore"", ""explore"", ""explore""]",
What is the earliest offense related to a friend of someone implicated in a crime on 15/08/2017?,min,4,False,0.0,,tp=0 pred=0 true=1,unknown,min,False,True,token_cap,8,8,76609,2060,78669,0.169698,28.3,[],"[""find_nodes"", ""explore"", ""explore"", ""explore"", ""explore"", ""explore"", ""explore"", ""explore""]",
How many individuals possess the phone number 7-(263)287-1140?,count,2,True,1.0,True,count only: true=1 pred=1,count,count,True,False,finished,3,3,8959,242,9201,0.019854,3.5,"[""1""]","[""find_nodes"", ""explore"", ""finish""]",1
Can you identify crime sites with both Scion and 2011 vehicle incidents?,entity_set,4,True,1.0,,tp=2 pred=2 true=2,entity_set,entity_set,True,False,finished,7,7,24501,606,25107,0.05385,8.0,"[""170 Thorn Lea"", ""74 Lanstead Drive""]","[""find_nodes"", ""find_nodes"", ""explore"", ""explore"", ""explore"", ""explore"", ""finish""]","Crime sites with both Scion and 2011 vehicle incidents: 170 Thorn Lea, 74 Lanstead Drive"
How much time did the last call take to the phone of someone connected to a crime on 3/08/2017?,argmax,4,False,0.0,,tp=0 pred=0 true=1,unknown,argmax,False,True,token_cap,14,14,76921,698,77619,0.159426,20.8,[],"[""find_nodes"", ""find_nodes"", ""find_nodes"", ""find_nodes"", ""find_nodes"", ""find_nodes"", ""find_nodes"", ""find_nodes"", ""explore"", ""explore"", ""explore"", ""explore"", ""explore"", ""explore""]",
When did the first crime happen at 114 Grafton Street with friends of people known by anyone named Kimberly?,argmin,5,False,0.0,,tp=0 pred=0 true=1,unknown,argmin,False,True,token_cap,13,13,73232,2402,75634,0.16568,40.2,[],"[""find_nodes"", ""explore"", ""explore"", ""explore"", ""explore"", ""explore"", ""explore"", ""explore"", ""find_nodes"", ""explore"", ""explore"", ""explore"", ""explore""]",
How many vehicle-related crimes occurred on 20/08/2017?,count,2,False,0.0,False,count only: true=37 pred=2,count,count,True,False,finished,3,3,19551,1591,21142,0.05183,11.5,"[""2""]","[""find_nodes"", ""filter_by_constraint"", ""finish""]",2
Can you identify the Police Constables who worked on an investigation concluded without identifying a suspect that happened at the same place of a vehicle-related crime on 5/08/2017?,entity_set,5,False,0.0,,tp=0 pred=0 true=18,unknown,entity_set,False,True,token_cap,14,14,74280,905,75185,0.1558,21.3,[],"[""find_nodes"", ""find_nodes"", ""find_nodes"", ""find_nodes"", ""find_nodes"", ""find_nodes"", ""find_nodes"", ""find_nodes"", ""find_nodes"", ""find_nodes"", ""find_nodes"", ""find_nodes"", ""find_nodes"", ""explore""]",
What is the newest Corvette crime case being handled by Officer named Cecil?,max,3,False,0.0,,tp=0 pred=0 true=1,unknown,max,False,True,token_cap,11,11,77702,1308,79010,0.165868,27.3,[],"[""find_nodes"", ""explore"", ""explore"", ""explore"", ""explore"", ""explore"", ""find_nodes"", ""explore"", ""explore"", ""explore"", ""filter_by_constraint""]",
What are the NHS numbers of individuals residing in the SK5 area who have a relative named Doris?,attribute_set,4,True,1.0,,tp=2 pred=2 true=2,attribute,attribute_set,True,False,finished,17,17,67247,1235,68482,0.144374,20.5,"[""842-04-5706"", ""291-79-2723""]","[""find_nodes"", ""explore"", ""explore"", ""explore"", ""explore"", ""explore"", ""find_nodes"", ""explore"", ""explore"", ""explore"", ""explore"", ""explore"", ""explore"", ""node_feature"", ""explore"", ""explore"", ""finish""]",The NHS numbers of individuals residing in the SK5 area who have a relative named Doris are 842-04-5706 and 291-79-2723.
Which most recent vehicle-related crime happened at M16 7FH?,max,3,True,1.0,,tp=1 pred=1 true=1,attribute,max,True,False,finished,6,6,20543,419,20962,0.044438,7.4,"[""27/08/2017""]","[""find_nodes"", ""explore"", ""explore"", ""filter_by_constraint"", ""filter_by_constraint"", ""finish""]",The most recent vehicle-related crime at M16 7FH happened on 27/08/2017.
Which phone call to 1-(841)295-6536 had the greatest duration?,max,2,False,0.0,,tp=0 pred=1 true=1,attribute,max,True,False,finished,5,5,16221,409,16630,0.035714,7.5,"[""27""]","[""find_nodes"", ""explore"", ""explore"", ""filter_by_constraint"", ""finish""]",The phone call to 1-(841)295-6536 with the greatest duration had a duration of 27 seconds. Both calls to this number lasted 27 seconds.
Who are the individuals acquainted with anyone with last name Warren?,attribute_set,2,False,0.3846,,tp=5 pred=21 true=5,entity_set,attribute_set,True,False,finished,6,6,31691,1814,33505,0.077894,13.5,"[""Donna Rogers"", ""Diana Murray"", ""Andrea Moreno"", ""Stephanie Lynch"", ""Ashley Bennett"", ""Jeffrey Campbell"", ""Gloria Owens"", ""Angela Mccoy"", ""Kathleen Peters"", ""Jessica Kelly"", ""Kathy Wheeler"", ""Craig Marshall"", ""Walter James"", ""Cynthia Foster"", ""Harry Jones"", ""Linda Baker"", ""Juan King"", ""Richard Coleman"", ""Bruce Baker"", ""Diane Bradley"", ""Brenda Edwards""]","[""find_nodes"", ""explore"", ""explore"", ""explore"", ""set_ops"", ""finish""]","Donna Rogers, Diana Murray, Andrea Moreno, Stephanie Lynch, Ashley Bennett, Jeffrey Campbell, Gloria Owens, Angela Mccoy, Kathleen Peters, Jessica Kelly, Kathy Wheeler, Craig Marshall, Walter James, Cynthia Foster, Harry Jones, Linda Baker, Juan King, Richard Coleman, Bruce Baker, Diane Bradley, Brenda Edwards"
How many crimes included vehicles from 2001?,count,2,True,1.0,True,count only: true=39 pred=39,count,count,True,False,finished,5,5,43062,3540,46602,0.114444,62.5,"[""39""]","[""find_nodes"", ""explore"", ""explore"", ""count_nodes"", ""finish""]",39
How many calls of 2 seconds did any phone get?,count,2,True,1.0,True,count only: true=8 pred=8,count,count,True,False,finished,3,3,9404,147,9551,0.019984,4.4,"[""8""]","[""find_nodes"", ""find_nodes"", ""finish""]",8
What is the count of Honda cars tied to cases examined by the officer who investigated criminal damage and arson at OL11 4JB?,count,5,False,0.0,False,count only: true=1 pred=None,unknown,count,False,True,token_cap,13,13,76857,1640,78497,0.166834,31.5,[],"[""find_nodes"", ""explore"", ""explore"", ""explore"", ""explore"", ""explore"", ""explore"", ""explore"", ""explore"", ""explore"", ""explore"", ""explore"", ""explore""]",
What are the locations with postcode M7 1WG where crimes are pending court outcomes?,entity_set,2,True,1.0,,tp=1 pred=1 true=1,entity_set,entity_set,True,False,finished,6,6,20998,722,21720,0.047772,8.4,"[""17 Altair Place""]","[""find_nodes"", ""explore"", ""filter_by_constraint"", ""explore"", ""filter_by_constraint"", ""finish""]",17 Altair Place
Which calls were received by the phone of a person living with Ruth?,entity_set,4,False,0.8889,,tp=8 pred=10 true=8,entity_set,entity_set,True,False,finished,7,7,27320,1525,28845,0.06684,15.8,"[""CALL on 31/08/2017 at 11:55, duration 15 seconds (to 4-(246)799-5040)"", ""CALL on 27/08/2017 at 15:40, duration 15 seconds (to 4-(246)799-5040)"", ""SMS on 01/08/2017 at 23:55, duration 87 seconds (to 0-(008)297-1581)"", ""CALL on 03/08/2017 at 21:11, duration 8 seconds (to 0-(008)297-1581)"", ""SMS on 02/08/2017 at 22:41, duration 66 seconds (to 0-(008)297-1581)"", ""CALL on 01/08/2017 at 23:49, duration 29 seconds (to 0-(008)297-1581)"", ""CALL on 22/08/2017 at 06:58, duration 8 seconds (to 0-(008)297-1581)"", ""SMS on 13/08/2017 at 09:25, duration 87 seconds (to 0-(008)297-1581)"", ""CALL on 14/08/2017 at 23:39, duration 29 seconds (to 0-(008)297-1581)"", ""SMS on 14/08/2017 at 12:39, duration 66 seconds (to 0-(008)297-1581)""]","[""find_nodes"", ""explore"", ""explore"", ""explore"", ""explore"", ""explore"", ""finish""]","The calls received by the phones of persons living with Ruth are:
- CALL on 31/08/2017 at 11:55, duration 15 seconds (to 4-(246)799-5040)
- CALL on 27/08/2017 at 15:40, duration 15 seconds (to 4-(246)799-5040)
- SMS on 01/08/2017 at 23:55, duration 87 seconds (to 0-(008)297-1581)
- CALL on 03/08/2017 at 21:11, duration 8 seconds (to 0-(008)297-1581)
- SMS on 02/08/2017 at 22:41, duration 66 seconds (to 0-(008)297-1581)
- CALL on 01/08/2017 at 23:49, duration 29 seconds (to 0-(008)297-1581)
- CALL on 22/08/2017 at 06:58, duration 8 seconds (to 0-(008)297-1581)
- SMS on 13/08/2017 at 09:25, duration 87 seconds (to 0-(008)297-1581)
- CALL on 14/08/2017 at 23:39, duration 29 seconds (to 0-(008)297-1581)
- SMS on 14/08/2017 at 12:39, duration 66 seconds (to 0-(008)297-1581)"
Can you identify NHS numbers of those who know people whose phones were used to call on 06/08/2017?,attribute_set,4,False,0.0,,tp=0 pred=0 true=15,unknown,attribute_set,False,True,token_cap,8,8,79581,4946,84527,0.19873,58.3,[],"[""find_nodes"", ""explore"", ""explore"", ""explore"", ""explore"", ""explore"", ""explore"", ""node_feature""]",
What is the number of phones owned by individuals with the surname Oliver?,count,2,True,1.0,True,count only: true=2 pred=2,count,count,True,False,finished,3,3,9285,256,9541,0.020618,4.1,"[""2""]","[""find_nodes"", ""explore"", ""finish""]",2
"What is the date of the earliest crime in area code M90 which happened at the same spot of a crime involving Park Avenue vehicles, with the status 'Investigation complete; no suspect identified'?",argmin,5,False,0.0,,tp=0 pred=0 true=1,unknown,argmin,False,True,token_cap,14,14,73353,1831,75184,0.161354,25.5,[],"[""find_nodes"", ""explore"", ""explore"", ""explore"", ""find_nodes"", ""find_nodes"", ""explore"", ""explore"", ""explore"", ""explore"", ""explore"", ""explore"", ""explore"", ""explore""]",
"What S8 model vehicles are associated with crimes marked ""Investigation complete; no suspect identified,"" and investigated by officers who have handled any crime involving any person?",entity_set,5,False,0.0,,tp=0 pred=0 true=2,unknown,entity_set,False,True,token_cap,14,14,78602,2711,81313,0.178892,32.2,[],"[""find_nodes"", ""explore"", ""explore"", ""filter_by_constraint"", ""explore"", ""explore"", ""explore"", ""explore"", ""count_nodes"", ""explore"", ""explore"", ""explore"", ""explore"", ""explore""]",
What's the newest crime linked to someone familiar with the phone number of the owner of the phone number 3-(246)177-0272?,max,4,False,0.0,,tp=0 pred=0 true=1,unknown,max,False,True,token_cap,15,15,82347,1071,83418,0.173262,24.8,[],"[""find_nodes"", ""explore"", ""explore"", ""explore"", ""explore"", ""explore"", ""explore"", ""explore"", ""filter_by_constraint"", ""find_nodes"", ""explore"", ""explore"", ""explore"", ""explore"", ""explore""]",
How many individuals were involved in crimes that occured at the same location of public order crimes?,count,4,False,0.0,False,count only: true=10 pred=None,unknown,count,False,True,token_cap,8,8,76306,1854,78160,0.167444,28.5,[],"[""find_nodes"", ""explore"", ""explore"", ""explore"", ""explore"", ""count_nodes"", ""count_nodes"", ""count_nodes""]",
What is the type of the most recent crime involving a person who knows someone named Philip and someone with NHS number 249-54-6589?,argmax,4,False,0.0,,tp=0 pred=0 true=1,unknown,argmax,False,True,token_cap,13,13,77602,2152,79754,0.17242,45.1,[],"[""find_nodes"", ""explore"", ""explore"", ""find_nodes"", ""explore"", ""set_ops"", ""explore"", ""explore"", ""explore"", ""explore"", ""filter_by_constraint"", ""filter_by_constraint"", ""explore""]",
